[
  {
    "id": "1",
    "title" : "Introduction to RRP",
    "url" : "https://player.vimeo.com/external/183950640.hd.mp4?s=f7b544fae60df77de277d5ff3f0ed108b68097c8&profile_id=119",
    "discription":"This is video is an introduction to RRP application process for yourself and your company. Learn what target housing is. Learn RRP project posting requirements. Understand how project posting records must be timely, complete and available for 3 years.",
    "poster":"img/video-poster/Introduction.jpg"
  },
  {
    "id": "2",
    "title" : "Firm and Certified Renovators",
    "url" : "https://player.vimeo.com/external/173964071.sd.mp4?s=e03cd453c3592308c091b50eb2eedaf8490c5a4c&profile_id=164",
    "discription":"There are two types of RRP certifications; Certified Renovator and Firm Certification. Both license are required before you start a RRP project. Learn what's required to successfully complete the forms.",
    "poster":"img/video-poster/Firm and Renovator Certification.jpg"
  },
  {
    "id": "3",
    "title" : "Lead based Paint inspection",
    "url" : "https://player.vimeo.com/external/173964172.sd.mp4?s=5ac07103864c0871a3c222a1f49ebd9174f0479e&profile_id=164",
    "discription":"Discovering where lead based paint exists and the acceptable methods used to test for their presence.",
    "poster":"img/video-poster/Lead based Paint inspections.jpg"
  },
  {
    "id": "4",
    "title" : "Pre-renovation Education",
    "url" : "https://player.vimeo.com/external/173964271.sd.mp4?s=9aa1b7376965ea752cc05b5e11e80835d478dc33&profile_id=165",
    "discription":"Demonstrates how to deliver Renovation Right pamphlets and how to prove you have complied with RRP notice requirements.",
    "poster":"img/video-poster/Pre-renovation Education.jpg"
  },
  {
    "id": "5",
    "title" : "Before starting work",
    "url": "https://player.vimeo.com/external/183952563.sd.mp4?s=a3333cc6a4975c54758887773df644785433e9ad&profile_id=165",
    "discription":"Learn about LLNAP testing of scraped paint and chemical test kits. The hand held XRAF device above uses a gamma ray spectrometer to detect the percent of lead in each layer of paint. For all types of testing a plan is required to adequately locate sample location, condition, material type and sample method used for future reference.",
    "poster":"img/video-poster/Before starting work.png"
  },

  {
    "id": "6",
    "title" : "Lead Safe Work Practices",
    "url" : "https://player.vimeo.com/external/173964208.sd.mp4?s=80cd301be872e01e5ac5dfc332c8b6195e88dd38&profile_id=164",
    "discription":"Successful RRP implementation is explained in 7 basic steps which guide users through RRP projects from the beginning to the end.",
    "poster":"img/video-poster/Lead Safe Work Practices.jpg"
  },
  {
    "id": "7",
    "title" : "Interior Setup",
    "url" : "https://player.vimeo.com/external/173964103.sd.mp4?s=a0382508b82c0e2ebb477495bbca0dd2b964220e&profile_id=164",
    "discription":"Learn hoe to limit access and control the spread of lead dust generated by project activities.",
    "poster":"img/video-poster/Interior Setup.jpg"
  },
  {
    "id": "8",
    "title" : "Exterior setup",
    "url" : "https://player.vimeo.com/external/173964033.sd.mp4?s=d31f63965d674b8a23e9a7f486d4a0167ccd107a&profile_id=165",
    "discription":"Learn how to establish work areas and learn minimum protection requirements. Understand how to spot where  additional containments are required for safety of workers and the public.",
    "poster":"img/video-poster/Exterior setup.jpg"
  },
  {
    "id": "9",
    "title" : "Cleaning, Inspection and Verification",
    "url" : "https://player.vimeo.com/external/173963998.sd.mp4?s=e346e9d6241569247d820c839c3e1ffe7f0b4b45&profile_id=165",
    "discription":"Post Renovation reporting is a summary of RRP project activities. The report should be signed by the Certified Renovator and property owner for proof you successfully completed the designated RRP work areas within the project. Retain this record and all reports audited by any governmental body or courts, these document establish your compliance.",
    "poster":"img/video-poster/Cleaning Verification and Clearance Inspections.jpg"
  },
  {
    "id": "10",
    "title" : "Visual Inspection",
    "url" : "https://player.vimeo.com/external/173964318.sd.mp4?s=f5a3227a939de5c4b72aa2ec6867fd0020f2ae24&profile_id=165",
    "discription":"Only a Certified Renovators conducts visual inspections. Learn what's required. Only Certified Renovators can conduct visual inspections. Learn about testing and then needing to retest.",
    "poster":"img/video-poster/Visual Inspection.jpg"
  },
  {
    "id": "11",
    "title" : "Cleaning",
    "url" : "https://player.vimeo.com/external/173964010.sd.mp4?s=6fe85055f3e2a418b56dfc76c075da54069beb95&profile_id=165",
    "discription":"Demonstrates effective cleaning techniques for RRP work areas. Learn projects work methods and suggestions for successful implementation for obtaining cleaning clearance.",
    "poster":"img/video-poster/Cleaning.jpg"
  },
  {
    "id": "12",
    "title" : "Waste Containment and disposal",
    "url" : "https://player.vimeo.com/external/173964339.sd.mp4?s=eb76f8cadf490f2538dd6a073bc02563056e7507&profile_id=165",
    "discription":"Learn how to handle and dispose of lead wast for RRP work. It's the contractors responsibility to be aware of any state or local ordinances governing how to dispose of lead waste products.",
    "poster":"img/video-poster/Waste Containment and disposal.jpg"
  },
  {
    "id": "13",
    "title" : "Post renovation report",
    "url" : "https://player.vimeo.com/external/173964259.sd.mp4?s=fec2a68c6b395e7508eda79ae98feccdad30b3c5&profile_id=165",
    "discription":"Post Renovation report. Only the Certified Renovator assigned to the project may sign the Post Renovation report. The report additionally has a place for the owner(s) to sign at the bottom.",
    "poster":"img/video-poster/Post renovation report.jpg"
  }


]
